ANFNAM	ENDNAM	NAME	POWER	XRA	YHA	XRB	YHB
K1021	K1017	ESW	80	219.25448	39.42652	224.36073	365.16129
